1	[PSS]	 SPE	Panini PSS	74.0	 (4.2)
2	[1]	 SPE	Offizielles Logo	62.2	 (3.9)
3	[2]	 SPE	Offizielles Logo	65.2	 (3.9)
4	[3]	 SPE	Offizielle Maskottchen	84.7	 (3.8)
5	[4]	 SPE	Offizieller Slogan	79.5	 (3.6)
6	[5]	 SPE	UEFA Respect	72.8	 (4.1)
7	[6]	 STA	Danzig	50.3	 (3.0)
8	[7]	 STA	Posen	70.0	 (3.2)
9	[8]	 STA	Arena Gdansk	54.2	 (3.1)
10	[9]	 STA	Arena Gdansk	60.8	 (3.1)
11	[10]	 STA	Städtisches Stadion	50.7	 (3.2)
12	[11]	 STA	Städtisches Stadion	49.2	 (3.6)
13	[12]	 STA	Warschau	63.2	 (3.1)
14	[13]	 STA	Breslau	62.3	 (2.8)
15	[14]	 STA	Nationalstadion	51.5	 (3.0)
16	[15]	 STA	Nationalstadion	59.8	 (2.9)
17	[16]	 STA	Städtisches Stadion	47.2	 (2.9)
18	[17]	 STA	Städtisches Stadion	57.5	 (3.0)
19	[18]	 STA	Donezk	48.7	 (3.1)
20	[19]	 STA	Charkiw	68.9	 (2.7)
21	[20]	 STA	Donbas Arena	57.3	 (2.4)
22	[21]	 STA	Donbas Arena	53.6	 (2.9)
23	[22]	 STA	Metalist Stadium	50.9	 (2.6)
24	[23]	 STA	Metalist Stadium	59.6	 (2.7)
25	[24]	 STA	Kiew	60.2	 (3.4)
26	[25]	 STA	Lemberg	53.7	 (3.0)
27	[26]	 STA	Olympiastadion Kiew	55.8	 (3.1)
28	[27]	 STA	Olympiastadion Kiew	67.7	 (2.6)
29	[28]	 STA	Arena Lviv	60.8	 (2.7)
30	[29]	 STA	Arena Lviv	62.4	 (2.7)
31	[30]	 GES	Polen	61.2	 (1.9)
32	[31]	 GES	Griechenland	55.2	 (1.6)
33	[32]	 GES	Russland	57.8	 (1.5)
34	[33]	 GES	Tschechien	56.0	 (1.4)
35	[34]	 GES	Niederlande	57.5	 (1.8)
36	[35]	 GES	Dänemark	56.6	 (1.9)
37	[36]	 GES	Deutschland	65.2	 (2.1)
38	[37]	 GES	Portugal	60.7	 (1.6)
39	[38]	 GES	Spanien	56.6	 (1.6)
40	[39]	 GES	Italien	53.8	 (1.9)
41	[40]	 GES	Republik Irland	59.6	 (1.4)
42	[41]	 GES	Kroatien	54.2	 (2.1)
43	[42]	 GES	Ukraine	56.2	 (1.3)
44	[43]	 GES	Schweden	54.9	 (2.0)
45	[44]	 GES	Frankreich	52.2	 (1.7)
46	[45]	 GES	England	46.1	 (2.0)
47	[46]	 SPI	Offizieller Ball	57.9	 (3.1)
48	[47]	 SPI	Pokal	71.1	 (2.1)
49	[48]	 SPI	Pokal	77.7	 (3.2)
50	[49]	 POL	Maskottchen	58.9	 (2.3)
51	[50]	 POL	Wappen	70.8	 (3.2)
52	[51]	 POL	Team	56.7	 (2.6)
53	[52]	 POL	Team	56.6	 (2.6)
54	[53]	 POL	Team	57.2	 (2.6)
55	[54]	 POL	Team	61.3	 (2.6)
56	[55]	 POL	Wojciech Szczesny	17.4	 (2.7)
57	[56]	 POL	Lukasz Fabianski	52.1	 (2.6)
58	[57]	 POL	Arkadiusz Glowacki	50.6	 (3.0)
59	[58]	 POL	Damien Perquis	45.8	 (2.6)
60	[59]	 POL	Lukasz Piszczek	55.1	 (2.6)
61	[60]	 POL	Marcin Wasilewski	17.5	 (2.6)
62	[61]	 POL	Grzegorz Wojtkowiak	51.2	 (3.0)
63	[62]	 POL	Tomasz Jodlowiec	54.0	 (2.6)
64	[63]	 POL	Jakub Wawrzyniak	59.2	 (2.6)
65	[64]	 POL	Dariusz Dudka	57.1	 (2.6)
66	[65]	 POL	Jakub Blaszczykowski	14.8	 (3.0)
67	[66]	 POL	Rafat Murawski	53.8	 (2.6)
68	[67]	 POL	Eugen Polanski	56.1	 (3.0)
69	[68]	 POL	Maciej Rybus	51.1	 (3.4)
70	[69]	 POL	Adam Matuszczyk	53.3	 (2.6)
71	[70]	 POL	Adrian Mierzejewski	58.5	 (2.6)
72	[71]	 POL	Ludovic Obraniak	63.3	 (3.0)
73	[72]	 POL	Slawomir Peszko	66.5	 (3.4)
74	[73]	 POL	Pawel Brozek	59.0	 (2.6)
75	[74]	 POL	Robert Lewandowski	52.8	 (2.6)
76	[75]	 POL	Jakub Blaszczykowski	56.6	 (2.3)
77	[76]	 POL	In Action - Slawomir Peszko	66.5	 (2.5)
78	[77]	 POL	In Action - Robert Lewandowski	51.2	 (2.1)
79	[78]	 GRE	In Action - Maskottchen	52.6	 (1.8)
80	[79]	 GRE	Wappen	72.1	 (2.8)
81	[80]	 GRE	Team	54.0	 (1.0)
82	[81]	 GRE	Team	50.6	 (1.0)
83	[82]	 GRE	Team	52.7	 (1.0)
84	[83]	 GRE	Team	58.7	 (1.0)
85	[84]	 GRE	Alexandros Tzorvas	49.9	 (1.3)
86	[85]	 GRE	Michalis Sifakis	52.3	 (1.0)
87	[86]	 GRE	Avraam Papadopoulos	45.7	 (1.0)
88	[87]	 GRE	Sokratis Papastathopoulos	50.4	 (1.0)
89	[88]	 GRE	Loukas Vyntra	16.0	 (2.0)
90	[89]	 GRE	Jose Holebas	54.0	 (1.0)
91	[90]	 GRE	Kyriakos Papadopoulos	43.1	 (1.0)
92	[91]	 GRE	Nikos Spyropoulos	46.1	 (1.0)
93	[92]	 GRE	Vassilis Torossidis	46.4	 (1.0)
94	[93]	 GRE	Alexandros Tziolis	50.9	 (1.0)
95	[94]	 GRE	Giorgos Karagounis	43.2	 (1.3)
96	[95]	 GRE	Kostas Katsouranis	43.6	 (2.0)
97	[96]	 GRE	Panagiotis Kone	15.8	 (2.3)
98	[97]	 GRE	Giannis Fetfatzidis	51.5	 (1.0)
99	[98]	 GRE	Giorgos Fotakis	47.1	 (1.0)
100	[99]	 GRE	Sotiris Ninis	15.4	 (2.3)
101	[100]	 GRE	Angelos Charisteas	50.4	 (2.3)
102	[101]	 GRE	Dimitris Salpingidis	43.7	 (1.0)
103	[102]	 GRE	Fanis Gekas	41.6	 (1.0)
104	[103]	 GRE	Giorgos Samaras	47.9	 (2.3)
105	[104]	 GRE	In Action - Vassilis Torossidis	65.6	 (1.0)
106	[105]	 GRE	In Action - Giorgos Karagounis	57.0	 (2.3)
107	[106]	 GRE	In Action - Fanis Gekas	63.7	 (1.7)
108	[107]	 RUS	Maskottchen	76.1	 (2.0)
109	[108]	 RUS	Wappen	71.4	 (2.3)
110	[109]	 RUS	Team	56.0	 (1.0)
111	[110]	 RUS	Team	55.4	 (1.0)
112	[111]	 RUS	Team	50.0	 (1.0)
113	[112]	 RUS	Team	58.8	 (2.3)
114	[113]	 RUS	Igor Akinfeev	56.8	 (2.3)
115	[114]	 RUS	Vyacheslav Malafeev	56.0	 (2.0)
116	[115]	 RUS	Sergei Ignashevich	61.3	 (1.0)
117	[116]	 RUS	Aleksandr Anyukov	63.5	 (1.0)
118	[117]	 RUS	Aleksei Berezutski	53.8	 (2.3)
119	[118]	 RUS	Vasili Berezutski	17.0	 (1.0)
120	[119]	 RUS	Roman Shishkin	53.7	 (2.0)
121	[120]	 RUS	Sticker 120	51.9	 (1.0)
122	[121]	 RUS	Yuri Zhirkov	49.8	 (2.3)
123	[122]	 RUS	Roman Shirokov	62.8	 (1.0)
124	[123]	 RUS	Igor Semshov	15.6	 (3.0)
125	[124]	 RUS	Igor Denisov	57.9	 (1.0)
126	[125]	 RUS	Konstantin Zyryanov	16.2	 (2.3)
127	[126]	 RUS	Denis Glushakov	55.9	 (1.0)
128	[127]	 RUS	Diniyar Bilyaletdinov	51.0	 (1.0)
129	[128]	 RUS	Alan Dzagoev	46.5	 (2.3)
130	[129]	 RUS	Andrey Arshavin	50.9	 (2.3)
131	[130]	 RUS	Aleksandr Kerzhakov	16.2	 (2.0)
132	[131]	 RUS	Roman Pavlyuchenko	60.2	 (1.0)
133	[132]	 RUS	Pavel Pogrebnyak	56.4	 (1.0)
134	[133]	 RUS	In Action - Alan Dzagoev	56.1	 (1.8)
135	[134]	 RUS	In Action - Andrey Arshavin	62.3	 (1.7)
136	[135]	 RUS	In Action - Aleksandr Kerzhakov	58.6	 (1.0)
137	[136]	 CZE	Maskottchen	70.0	 (1.7)
138	[137]	 CZE	Wappen	67.7	 (3.4)
139	[138]	 CZE	Team	53.0	 (2.0)
140	[139]	 CZE	Team	56.7	 (2.0)
141	[140]	 CZE	Team	52.7	 (2.0)
142	[141]	 CZE	Team	56.8	 (2.0)
143	[142]	 CZE	Petr Cech	51.3	 (2.7)
144	[143]	 CZE	Jaroslav Drobny	47.4	 (2.0)
145	[144]	 CZE	Michal Kadlec	43.0	 (2.8)
146	[145]	 CZE	Roman Hubnik	44.9	 (2.3)
147	[146]	 CZE	Zdenek Pospech	49.3	 (2.0)
148	[147]	 CZE	Tomas Sivok	44.5	 (3.0)
149	[148]	 CZE	Theodor Gebre Selassie	15.1	 (3.0)
150	[149]	 CZE	Daniel Pudil	50.5	 (2.3)
151	[150]	 CZE	Jan Polak	44.9	 (2.0)
152	[151]	 CZE	Tomas Hübschman	15.3	 (3.4)
153	[152]	 CZE	Daniel Kolar	60.3	 (3.0)
154	[153]	 CZE	Petr Jiracek	44.8	 (2.0)
155	[154]	 CZE	Jaroslav Plasil	48.8	 (2.0)
156	[155]	 CZE	Sticker 155	12.2	 (3.0)
157	[156]	 CZE	Kamil Vacek	61.7	 (3.0)
158	[157]	 CZE	David Lafata	53.1	 (2.0)
159	[158]	 CZE	Jan Rezek	56.0	 (2.0)
160	[159]	 CZE	Milan Baros	56.5	 (3.0)
161	[160]	 CZE	Tomas Necid	44.4	 (3.0)
162	[161]	 CZE	Tomas Pekhart	41.8	 (2.3)
163	[162]	 CZE	In Action - Petr Cech	49.2	 (2.0)
164	[163]	 CZE	In Action - Michal Kadlec	62.1	 (1.7)
165	[164]	 CZE	In Action - Tomas Rosicky	73.1	 (1.7)
166	[165]	 NED	Maskottchen	60.8	 (3.0)
167	[166]	 NED	Wappen	69.8	 (3.0)
168	[167]	 NED	Team	55.9	 (1.7)
169	[168]	 NED	Team	62.0	 (2.3)
170	[169]	 NED	Team	63.5	 (1.7)
171	[170]	 NED	Team	59.4	 (1.8)
172	[171]	 NED	Maarten Stekelenburg	57.6	 (2.1)
173	[172]	 NED	Michel Vorm	17.9	 (1.7)
174	[173]	 NED	John Heitinga	59.8	 (2.4)
175	[174]	 NED	Joris Mathijsen	46.4	 (2.5)
176	[175]	 NED	Gregory van der Weil	58.0	 (2.1)
177	[176]	 NED	Erik Pieters	52.6	 (1.7)
178	[177]	 NED	Khalid Boulahrouz	51.8	 (2.1)
179	[178]	 NED	Mark van Bommel	48.5	 (3.1)
180	[179]	 NED	Nigel de Jong	16.3	 (2.1)
181	[180]	 NED	Kevin Strootman	63.1	 (1.7)
182	[181]	 NED	Rafael van der Vaart	16.8	 (3.5)
183	[182]	 NED	Wesley Sneijder	62.5	 (3.7)
184	[183]	 NED	Georginio Wijnaldum	57.7	 (1.7)
185	[184]	 NED	Ibrahim Afellay	51.1	 (2.5)
186	[185]	 NED	Eljero Elia	64.0	 (1.8)
187	[186]	 NED	Arjen Robben	50.5	 (3.2)
188	[187]	 NED	Luuk de Jong	58.2	 (1.8)
189	[188]	 NED	Dirk Kuyt	15.8	 (2.4)
190	[189]	 NED	Robin van Persie	56.2	 (3.2)
191	[190]	 NED	Klaas Jan Huntelaar	48.1	 (3.7)
192	[191]	 NED	In Action - Mark van Bommel	66.0	 (2.6)
193	[192]	 NED	In Action - Wesley Sneijder	52.1	 (3.2)
194	[193]	 NED	In Action - Klaas Jan Huntelaar	69.9	 (2.9)
195	[194]	 DEN	Maskottchen	73.0	 (1.2)
196	[195]	 DEN	Wappen	67.7	 (2.3)
197	[196]	 DEN	Team	60.8	 (2.3)
198	[197]	 DEN	Team	54.7	 (1.0)
199	[198]	 DEN	Team	53.5	 (1.0)
200	[199]	 DEN	Team	53.7	 (1.0)
201	[200]	 DEN	Thomas Sorensen	50.3	 (2.8)
202	[201]	 DEN	Anders Lindegaard	52.0	 (1.0)
203	[202]	 DEN	Daniel Agger	51.8	 (1.0)
204	[203]	 DEN	Simon Kjaer	13.3	 (1.0)
205	[204]	 DEN	Lars Jacobsen	51.3	 (1.0)
206	[205]	 DEN	Andreas Bjelland	46.6	 (1.0)
207	[206]	 DEN	Nicolai Boilesen	43.3	 (1.0)
208	[207]	 DEN	Simon Poulsen	46.8	 (1.8)
209	[208]	 DEN	Martin Jorgensen	51.2	 (1.0)
210	[209]	 DEN	William Kvist	15.3	 (2.0)
211	[210]	 DEN	Christian Poulsen	54.4	 (1.3)
212	[211]	 DEN	Michael Silberbauer	14.6	 (2.4)
213	[212]	 DEN	Jakob Poulsen	44.0	 (1.0)
214	[213]	 DEN	Niki Zimling	61.5	 (1.0)
215	[214]	 DEN	Michael Krohn-Dehli	61.9	 (1.0)
216	[215]	 DEN	Christian Eriksen	51.8	 (1.0)
217	[216]	 DEN	Lasse Schone	42.2	 (1.0)
218	[217]	 DEN	Sticker 217	45.4	 (1.0)
219	[218]	 DEN	Nicolai Jorgensen	14.8	 (1.0)
220	[219]	 DEN	Nicklas Bendtner	45.5	 (2.0)
221	[220]	 DEN	In Action - Daniel Agger	55.5	 (1.0)
222	[221]	 DEN	In Action - Christian Eriksen	55.1	 (1.0)
223	[222]	 DEN	In Action - Nicklas Bendtner	62.5	 (1.8)
224	[223]	 GER	Maskottchen	71.7	 (2.4)
225	[224]	 GER	Wappen	79.0	 (3.0)
226	[225]	 GER	Team	60.8	 (2.3)
227	[226]	 GER	Team	56.5	 (2.5)
228	[227]	 GER	Team	56.6	 (2.0)
229	[228]	 GER	Team	57.5	 (2.0)
230	[229]	 GER	Manuel Neuer	47.5	 (2.8)
231	[230]	 GER	Tim Wiese	47.4	 (2.6)
232	[231]	 GER	Philipp Lahm	43.5	 (2.4)
233	[232]	 GER	Holger Badstuber	51.3	 (1.7)
234	[233]	 GER	Per Mertesacker	45.4	 (1.7)
235	[234]	 GER	Jerome Boateng	16.2	 (2.7)
236	[235]	 GER	Mats Hummels	47.4	 (1.7)
237	[236]	 GER	Benedikt Höwedes	50.4	 (1.7)
238	[237]	 GER	Simon Rolfes	44.1	 (1.6)
239	[238]	 GER	Sami Khedira	15.3	 (2.1)
240	[239]	 GER	Bastian Schweinsteiger	45.3	 (2.8)
241	[240]	 GER	Toni Kroos	50.2	 (2.3)
242	[241]	 GER	Mesut Özil	48.5	 (2.7)
243	[242]	 GER	Mario Götze	15.5	 (3.2)
244	[243]	 GER	Marco Reus	53.3	 (2.4)
245	[244]	 GER	Lukas Podolski	15.4	 (2.5)
246	[245]	 GER	Thomas Müller	53.5	 (2.5)
247	[246]	 GER	Andre Schürrle	47.7	 (2.3)
248	[247]	 GER	Miroslav Klose	48.7	 (2.2)
249	[248]	 GER	Mario Gomez	56.4	 (2.3)
250	[249]	 GER	In Action - Manuel Neuer	51.9	 (1.9)
251	[250]	 GER	In Action - Mesut Özil	59.8	 (2.7)
252	[251]	 GER	In Action - Mario Gomez	63.9	 (2.6)
253	[252]	 POR	Maskottchen	68.0	 (2.0)
254	[253]	 POR	Wappen	56.5	 (3.0)
255	[254]	 POR	Team	65.2	 (2.4)
256	[255]	 POR	Team	59.4	 (3.0)
257	[256]	 POR	Team	47.2	 (2.4)
258	[257]	 POR	Team	70.0	 (2.4)
259	[258]	 POR	Rui Patricio	61.3	 (3.0)
260	[259]	 POR	Eduardo	59.8	 (1.8)
261	[260]	 POR	Bruno Alves	59.4	 (2.5)
262	[261]	 POR	Sticker 261	55.0	 (1.8)
263	[262]	 POR	Fabio Coentrao	48.9	 (3.7)
264	[263]	 POR	Joao Pereira	17.3	 (2.2)
265	[264]	 POR	Rolando	58.6	 (2.0)
266	[265]	 POR	Eliseu	53.1	 (2.8)
267	[266]	 POR	Ruben Amorim	51.2	 (2.6)
268	[267]	 POR	Raul Meireles	16.4	 (2.6)
269	[268]	 POR	Carlos Martins	55.1	 (2.0)
270	[269]	 POR	Joao Moutinho	53.6	 (3.0)
271	[270]	 POR	Miguel Veloso	48.8	 (3.0)
272	[271]	 POR	Ruben Micael	17.9	 (2.4)
273	[272]	 POR	Nani	59.8	 (4.1)
274	[273]	 POR	Ricardo Quaresma	48.5	 (2.2)
275	[274]	 POR	Silvestre Varela	59.1	 (2.8)
276	[275]	 POR	Hugo Almeida	61.9	 (2.8)
277	[276]	 POR	Helder Postiga	59.0	 (2.4)
278	[277]	 POR	Cristiano Ronaldo	18.3	 (3.6)
279	[278]	 POR	In Action - Fabio Coentrao	73.0	 (3.2)
280	[279]	 POR	In Action - Nani	60.8	 (3.1)
281	[280]	 POR	In Action - Cristiano Ronaldo	72.0	 (3.6)
282	[281]	 ESP	Maskottchen	72.1	 (3.0)
283	[282]	 ESP	Wappen	69.4	 (3.6)
284	[283]	 ESP	Team	56.6	 (2.4)
285	[284]	 ESP	Team	56.0	 (2.9)
286	[285]	 ESP	Team	60.8	 (2.0)
287	[286]	 ESP	Team	64.3	 (2.8)
288	[287]	 ESP	Iker Casillas	14.8	 (4.2)
289	[288]	 ESP	Victor Valdes	54.2	 (2.9)
290	[289]	 ESP	Carles Puyol	15.3	 (3.3)
291	[290]	 ESP	Gerard Pique	51.5	 (2.8)
292	[291]	 ESP	Sergio Ramos	51.4	 (2.8)
293	[292]	 ESP	Alvaro Arbeloa	53.6	 (2.2)
294	[293]	 ESP	Jordi Alba	47.5	 (2.0)
295	[294]	 ESP	Javi Martinez	14.9	 (2.9)
296	[295]	 ESP	Sergio Busquets	48.8	 (3.0)
297	[296]	 ESP	Xavi Hernandez	29.8	 (3.8)
298	[297]	 ESP	Xabi Alonso	45.6	 (3.6)
299	[298]	 ESP	Cesc Fabregas	45.9	 (4.1)
300	[299]	 ESP	Andres Iniesta	40.5	 (4.1)
301	[300]	 ESP	Santi Cazorla	58.0	 (2.2)
302	[301]	 ESP	Juan Mata	45.9	 (2.8)
303	[302]	 ESP	David Silva	44.2	 (2.4)
304	[303]	 ESP	Pedro Rodriguez	48.5	 (3.3)
305	[304]	 ESP	David Villa	57.9	 (3.8)
306	[305]	 ESP	Fernando Torres	17.1	 (3.5)
307	[306]	 ESP	Fernando Llorente	54.8	 (3.1)
308	[307]	 ESP	In Action - Iker Casillas	68.2	 (4.0)
309	[308]	 ESP	In Action - Xavi Hernandez	63.4	 (3.5)
310	[309]	 ESP	In Action - Andres Iniesta	57.4	 (3.6)
311	[310]	 ITA	Maskottchen	72.9	 (3.4)
312	[311]	 ITA	Wappen	65.0	 (3.3)
313	[312]	 ITA	Team	69.9	 (3.0)
314	[313]	 ITA	Team	52.6	 (3.0)
315	[314]	 ITA	Team	52.9	 (3.0)
316	[315]	 ITA	Team	60.9	 (3.0)
317	[316]	 ITA	Gianluigi Buffon	12.3	 (3.6)
318	[317]	 ITA	Morgan De Sanctis	45.9	 (3.0)
319	[318]	 ITA	Giorgio Chiellini	45.9	 (3.8)
320	[319]	 ITA	Andrea Barzagli	52.5	 (3.2)
321	[320]	 ITA	Andrea Ranocchia	50.2	 (3.4)
322	[321]	 ITA	Federico Balzaretti	48.1	 (3.0)
323	[322]	 ITA	Domenico Criscito	47.7	 (3.1)
324	[323]	 ITA	Christian Maggio	57.3	 (3.0)
325	[324]	 ITA	Daniele De Rossi	14.9	 (3.8)
326	[325]	 ITA	Andrea Pirlo	46.7	 (3.4)
327	[326]	 ITA	Thiago Motta	49.6	 (3.0)
328	[327]	 ITA	Claudio Marchisio	48.8	 (3.3)
329	[328]	 ITA	Riccardo Montolivo	15.8	 (3.1)
330	[329]	 ITA	Alberto Aquilani	45.7	 (2.9)
331	[330]	 ITA	Simone Pepe	54.8	 (3.4)
332	[331]	 ITA	Sebastian Giovinco	50.3	 (3.1)
333	[332]	 ITA	Pablo Osvaldo	48.6	 (3.4)
334	[333]	 ITA	Antonio Di Natale	51.3	 (3.3)
335	[334]	 ITA	Giampaolo Pazzini	44.7	 (3.1)
336	[335]	 ITA	Mario Balotelli	17.2	 (3.0)
337	[336]	 ITA	In Action - Gianluigi Buffon	58.9	 (3.3)
338	[337]	 ITA	In Action - Daniele De Rossi	61.3	 (2.7)
339	[338]	 ITA	In Action - Mario Balotelli	64.1	 (2.7)
340	[339]	 IRL	Maskottchen	68.0	 (2.3)
341	[340]	 IRL	Wappen	73.5	 (3.2)
342	[341]	 IRL	Team	50.3	 (2.0)
343	[342]	 IRL	Team	58.5	 (2.0)
344	[343]	 IRL	Team	55.7	 (2.0)
345	[344]	 IRL	Team	68.8	 (2.0)
346	[345]	 IRL	Sticker 345	49.0	 (2.0)
347	[346]	 IRL	Keiren Westwood	50.7	 (2.0)
348	[347]	 IRL	Richard Dunne	43.2	 (2.0)
349	[348]	 IRL	Sean St. Ledger	15.9	 (3.0)
350	[349]	 IRL	John O Shea	40.4	 (2.4)
351	[350]	 IRL	Stephen Kelly	15.7	 (2.0)
352	[351]	 IRL	Seamus Coleman	52.0	 (3.2)
353	[352]	 IRL	Darron Gibson	51.6	 (2.0)
354	[353]	 IRL	Keith Fahey	38.2	 (2.0)
355	[354]	 IRL	Glenn Whelan	50.4	 (2.0)
356	[355]	 IRL	Stephen Ward	47.9	 (2.0)
357	[356]	 IRL	Keith Andrews	44.7	 (2.0)
358	[357]	 IRL	Damien Duff	42.3	 (2.0)
359	[358]	 IRL	Stephen Hunt	53.5	 (2.0)
360	[359]	 IRL	Aiden McGeady	14.4	 (2.0)
361	[360]	 IRL	Shane Long	43.2	 (2.0)
362	[361]	 IRL	Simon Cox	53.6	 (2.0)
363	[362]	 IRL	Kevin Doyle	16.5	 (2.2)
364	[363]	 IRL	Jon Walters	48.2	 (2.0)
365	[364]	 IRL	Robbie Keane	27.9	 (3.1)
366	[365]	 IRL	In Action - Richard Dunne	62.1	 (2.6)
367	[366]	 IRL	In Action - Aiden McGeady	64.1	 (1.8)
368	[367]	 IRL	In Action - Robbie Keane	56.0	 (1.8)
369	[368]	 CRO	Maskottchen	65.1	 (2.1)
370	[369]	 CRO	Wappen	64.7	 (3.1)
371	[370]	 CRO	Team	50.4	 (3.0)
372	[371]	 CRO	Team	52.4	 (3.0)
373	[372]	 CRO	Team	49.2	 (2.6)
374	[373]	 CRO	Team	54.1	 (2.6)
375	[374]	 CRO	Stipe Pletikosa	41.9	 (3.4)
376	[375]	 CRO	Danijel Subasic	39.8	 (2.6)
377	[376]	 CRO	Josip Simunic	45.6	 (3.4)
378	[377]	 CRO	Vedran Corluka	46.2	 (2.6)
379	[378]	 CRO	Dejan Lovren	43.7	 (2.6)
380	[379]	 CRO	Gordon Schildenfeld	15.7	 (2.8)
381	[380]	 CRO	Ivan Strinic	46.8	 (2.6)
382	[381]	 CRO	Domagoj Vida	15.7	 (3.4)
383	[382]	 CRO	Darijo Srna	41.8	 (3.4)
384	[383]	 CRO	Danijel Pranjic	46.0	 (2.6)
385	[384]	 CRO	Ognjen Vukojevic	46.8	 (2.6)
386	[385]	 CRO	Tomislav Dujmovic	44.7	 (2.4)
387	[386]	 CRO	Niko Kranjcar	46.6	 (3.4)
388	[387]	 CRO	Luka Modric	39.0	 (2.6)
389	[388]	 CRO	Ivan Rakitic	42.8	 (3.1)
390	[389]	 CRO	Ivan Perisic	45.4	 (3.4)
391	[390]	 CRO	Eduardo	16.9	 (3.4)
392	[391]	 CRO	Mario Mandzukic	51.7	 (3.4)
393	[392]	 CRO	Ivica Olic	54.9	 (3.0)
394	[393]	 CRO	Nikica Jelavic	47.1	 (3.4)
395	[394]	 CRO	In Action - Darijo Srna	53.4	 (3.0)
396	[395]	 CRO	In Action - Luka Modric	59.1	 (3.0)
397	[396]	 CRO	Sticker 396	53.5	 (3.0)
398	[397]	 UKR	Maskottchen	57.1	 (2.0)
399	[398]	 UKR	Wappen	64.7	 (3.3)
400	[399]	 UKR	Team	55.3	 (1.0)
401	[400]	 UKR	Team	52.1	 (1.0)
402	[401]	 UKR	Team	50.1	 (2.3)
403	[402]	 UKR	Team	64.3	 (1.0)
404	[403]	 UKR	Andriy Dykan	71.3	 (1.0)
405	[404]	 UKR	Olexandr Shovkovskiy	55.4	 (2.3)
406	[405]	 UKR	Dmytro Chygrynskiy	52.7	 (1.0)
407	[406]	 UKR	Olexandr Kucher	53.0	 (1.0)
408	[407]	 UKR	Yaroslav Rakitskiy	54.5	 (2.0)
409	[408]	 UKR	Artem Fedetskiy	17.3	 (1.0)
410	[409]	 UKR	Bohdan Butko	53.4	 (1.0)
411	[410]	 UKR	Yevhen Selin	54.3	 (1.0)
412	[411]	 UKR	Ruslan Rotan	57.6	 (2.0)
413	[412]	 UKR	Anatoliy Tymoshchuk	53.0	 (2.0)
414	[413]	 UKR	Sticker 413	16.2	 (1.0)
415	[414]	 UKR	Olexandr Aliyev	53.2	 (1.0)
416	[415]	 UKR	Sticker 415	15.9	 (3.4)
417	[416]	 UKR	Yevhen Konoplyanka	62.6	 (1.0)
418	[417]	 UKR	Marko Devic	61.1	 (1.0)
419	[418]	 UKR	Andriy Voronin	57.4	 (1.0)
420	[419]	 UKR	Andriy Yarmolenko	60.7	 (3.0)
421	[420]	 UKR	Yevhen Seleznyov	54.1	 (1.0)
422	[421]	 UKR	Artem Milevskiy	51.5	 (1.0)
423	[422]	 UKR	Andriy Shevchenko	16.0	 (3.0)
424	[423]	 UKR	In Action - Ruslan Rotan	60.2	 (1.0)
425	[424]	 UKR	In Action - Anatoliy Tymoshchuk	65.3	 (1.8)
426	[425]	 UKR	In Action - Andriy Shevchenko	57.8	 (2.0)
427	[426]	 SWE	Maskottchen	76.9	 (1.8)
428	[427]	 SWE	Wappen	70.3	 (2.7)
429	[428]	 SWE	Team	55.3	 (1.8)
430	[429]	 SWE	Team	52.9	 (1.8)
431	[430]	 SWE	Team	58.9	 (1.8)
432	[431]	 SWE	Team	53.8	 (1.8)
433	[432]	 SWE	Andreas Isaksson	52.8	 (2.4)
434	[433]	 SWE	Johan Wiland	19.1	 (1.8)
435	[434]	 SWE	Mikael Lustig	52.5	 (1.0)
436	[435]	 SWE	Daniel Majstorovic	46.6	 (1.8)
437	[436]	 SWE	Olof Mellberg	53.0	 (2.0)
438	[437]	 SWE	Andreas Granqvist	52.3	 (1.0)
439	[438]	 SWE	Martin Olsson	16.1	 (2.0)
440	[439]	 SWE	Oscar Wendt	60.4	 (1.0)
441	[440]	 SWE	Behrang Safari	58.0	 (2.2)
442	[441]	 SWE	Andres Svensson	60.3	 (1.3)
443	[442]	 SWE	Kim Källström	52.1	 (1.8)
444	[443]	 SWE	Rasmus Elm	56.6	 (1.0)
445	[444]	 SWE	Sebastian Larsson	15.4	 (2.0)
446	[445]	 SWE	Pontus Wernbloom	59.1	 (1.0)
447	[446]	 SWE	Christian Wilhelmsson	53.8	 (1.0)
448	[447]	 SWE	Emir Bajrami	52.5	 (1.8)
449	[448]	 SWE	Tobias Hysen	57.5	 (2.3)
450	[449]	 SWE	Ola Toivonen	59.0	 (1.0)
451	[450]	 SWE	Johan Elmander	60.7	 (1.6)
452	[451]	 SWE	Zlatan Ibrahimovic	16.3	 (2.9)
453	[452]	 SWE	In Action - Andreas Isaksson	62.9	 (1.6)
454	[453]	 SWE	In Action - Kim Källström	55.3	 (2.0)
455	[454]	 SWE	In Action - Zlatan Ibrahimovic	57.2	 (2.8)
456	[455]	 FRA	Maskottchen	57.7	 (1.7)
457	[456]	 FRA	Wappen	62.7	 (2.9)
458	[457]	 FRA	Team	61.8	 (1.0)
459	[458]	 FRA	Team	58.5	 (1.8)
460	[459]	 FRA	Team	59.0	 (1.0)
461	[460]	 FRA	Team	61.5	 (1.0)
462	[461]	 FRA	Hugo Lloris	47.6	 (1.6)
463	[462]	 FRA	Steve Mandanda	15.5	 (1.3)
464	[463]	 FRA	Patrice Evra	44.7	 (1.6)
465	[464]	 FRA	Eric Abidal	31.2	 (1.3)
466	[465]	 FRA	Adil Rami	52.1	 (1.0)
467	[466]	 FRA	Philippe Mexes	16.0	 (1.0)
468	[467]	 FRA	Mamadou Sakho	50.7	 (2.0)
469	[468]	 FRA	Anthony Reveillere	48.6	 (1.0)
470	[469]	 FRA	Bacary Sagna	51.2	 (1.0)
471	[470]	 FRA	Florent Malouda	50.4	 (2.4)
472	[471]	 FRA	Alou Diarra	39.9	 (2.3)
473	[472]	 FRA	Yann M Vila	52.7	 (1.0)
474	[473]	 FRA	Marvin Martin	46.0	 (2.0)
475	[474]	 FRA	Franck Ribery	16.0	 (2.6)
476	[475]	 FRA	Jeremy Menez	47.4	 (2.0)
477	[476]	 FRA	Samir Nasri	15.8	 (1.8)
478	[477]	 FRA	Olivier Giroud	50.4	 (1.8)
479	[478]	 FRA	Sticker 478	44.6	 (1.0)
480	[479]	 FRA	Loic Remy	53.3	 (1.0)
481	[480]	 FRA	Karim Benzema	50.7	 (2.1)
482	[481]	 FRA	In Action - Hugo Lloris	58.0	 (1.0)
483	[482]	 FRA	In Action - Samir Nasri	62.1	 (1.8)
484	[483]	 FRA	In Action - Karim Benzema	60.9	 (1.8)
485	[484]	 ENG	Maskottchen	57.2	 (2.6)
486	[485]	 ENG	Wappen	65.7	 (3.3)
487	[486]	 ENG	Team	67.2	 (2.3)
488	[487]	 ENG	Team	54.5	 (1.6)
489	[488]	 ENG	Team	55.8	 (1.7)
490	[489]	 ENG	Team	58.5	 (1.7)
491	[490]	 ENG	Joe Hart	59.2	 (2.4)
492	[491]	 ENG	Scott Carson	48.6	 (2.0)
493	[492]	 ENG	John Terry	15.5	 (3.4)
494	[493]	 ENG	Ashley Cole	43.6	 (3.0)
495	[494]	 ENG	Rio Ferdinand	47.5	 (2.9)
496	[495]	 ENG	Gary Cahill	50.4	 (2.0)
497	[496]	 ENG	Glen Johnson	52.5	 (2.6)
498	[497]	 ENG	Phil Jones	48.6	 (2.0)
499	[498]	 ENG	Gareth Barry	55.2	 (2.5)
500	[499]	 ENG	Steven Gerrard	50.0	 (3.3)
501	[500]	 ENG	Frank Lampard	17.3	 (3.1)
502	[501]	 ENG	Scott Parker	51.5	 (2.6)
503	[502]	 ENG	Jack Wilshere	52.8	 (2.1)
504	[503]	 ENG	Aschley Young	15.6	 (3.0)
505	[504]	 ENG	James Milner	44.0	 (2.1)
506	[505]	 ENG	Theo Walcott	27.5	 (2.8)
507	[506]	 ENG	Daniel Sturridge	49.2	 (2.1)
508	[507]	 ENG	Danny Welbeck	53.5	 (2.1)
509	[508]	 ENG	Darren Bent	43.9	 (2.6)
510	[509]	 ENG	Wayne Rooney	16.2	 (3.5)
511	[510]	 ENG	In Action - Steven Gerrard	68.4	 (2.8)
512	[511]	 ENG	In Action - Aschley Young	67.3	 (2.8)
513	[512]	 ENG	In Action - Wayne Rooney	59.9	 (2.9)
514	[513]	 EUR	1960 - Sowjetunion	63.3	 (2.3)
515	[514]	 EUR	1960 - Sowjetunion	58.5	 (2.3)
516	[515]	 EUR	1964 - Spanien	66.4	 (2.8)
517	[516]	 EUR	1964 - Spanien	53.5	 (2.6)
518	[517]	 EUR	1968 - Italien	55.1	 (2.3)
519	[518]	 EUR	1968 - Italien	69.3	 (1.9)
520	[519]	 EUR	1972 - Deutschland	51.3	 (1.9)
521	[520]	 EUR	1972 - Deutschland	60.5	 (1.9)
522	[521]	 EUR	1976 - Tschechoslawakei	49.0	 (1.7)
523	[522]	 EUR	1976 - Tschechoslawakei	61.9	 (1.7)
524	[523]	 EUR	1980 - Deutschland	56.4	 (1.9)
525	[524]	 EUR	1980 - Deutschland	59.7	 (2.4)
526	[525]	 EUR	1984 - Frankreich	61.7	 (1.3)
527	[526]	 EUR	1984 - Frankreich	57.5	 (1.3)
528	[527]	 EUR	1988 - Niederlande	54.1	 (2.3)
529	[528]	 EUR	1988 - Niederlande	54.8	 (1.9)
530	[529]	 EUR	1992 - Dänemark	63.1	 (2.3)
531	[530]	 EUR	1992 - Dänemark	54.9	 (2.4)
532	[531]	 EUR	1996 - Deutschland	51.5	 (2.0)
533	[532]	 EUR	1996 - Deutschland	58.1	 (2.3)
534	[533]	 EUR	2000 - Frankreich	58.0	 (2.0)
535	[534]	 EUR	2000 - Frankreich	63.1	 (2.6)
536	[535]	 EUR	2004 - Griechenland	59.3	 (1.3)
537	[536]	 EUR	2004 - Griechenland	61.1	 (1.3)
538	[537]	 EUR	2008 - Spanien	58.0	 (2.8)
539	[538]	 EUR	2008 - Spanien	58.0	 (2.8)
540	[539]	 EUR	2008 - Spanien	59.3	 (2.3)